inferred_gender,count,mean_salary,median_salary,min_salary,max_salary
likely_female,7944,63082.02701409869,70359.06,360.0,295014.4
likely_male,3298,62735.83181625228,63754.34,9397.29,231635.76
